"ID","Description","setSize","enrichmentScore","NES","pvalue","p.adjust","qvalue","rank","leading_edge","core_enrichment"
"dre04144","Endocytosis",24,-0.549960059548123,-2.43161405972414,1.85998329928557e-05,0.000539395156792814,0.000450311746142821,201,"tags=58%, list=18%, signal=49%","568800/337737/563511/560542/798846/561653/405821/378838/386994/100149572/798901/560446/100331274/393880"
"dre04120","Ubiquitin mediated proteolysis",18,-0.574326615152217,-2.31420265392641,0.000111496078794528,0.00161669314252065,0.00134968937488112,354,"tags=78%, list=31%, signal=55%","436873/692325/503534/565498/556864/572370/393716/393907/437020/368425/393223/100331274/324243/393933"
"dre04514","Cell adhesion molecule (CAM) interaction",12,0.604009033009367,2.46787022764001,0.000184492197007187,0.00178342457106947,0.0014888843969001,350,"tags=92%, list=31%, signal=64%","561971/550468/353150/562934/558123/541474/553785/100141346/556537/100002407/81587"
