"ID","Description","setSize","enrichmentScore","NES","pvalue","p.adjust","qvalue","rank","leading_edge","core_enrichment"
"dre04120","Ubiquitin mediated proteolysis",17,-0.578235499251402,-2.94069654886687,7.4871025603546e-06,0.000539071384345531,0.000480750795980664,357,"tags=65%, list=14%, signal=56%","436873/393223/565498/368425/437020/556864/558479/100331274/393907/324243/393933"
"dre04520","Adherens junction",24,0.445688284059109,2.11216268303754,0.0011222498573186,0.0404009948634697,0.0360301269981236,967,"tags=75%, list=37%, signal=48%","245701/30081/30701/322221/557665/100002928/378478/567602/100537012/560512/373872/30739/497649/553341/325084/100150664/57935/403050"
