"ID","Description","setSize","enrichmentScore","NES","pvalue","p.adjust","qvalue","rank","leading_edge","core_enrichment"
"dre01100","Metabolic pathways",173,0.235653056233883,2.11666656110669,0.000135654004622386,0.00813924027734315,0.00785365289919076,753,"tags=53%, list=38%, signal=36%","565370/564619/321664/101884072/393860/565316/100330514/81882/557008/553969/555478/415152/100330695/436729/415146/322660/436852/373132/436610/664754/563281/405867/386951/556815/322482/492476/327453/565669/572841/572492/64608/393305/100073330/567414/550533/100037356/100151256/664772/557518/101887155/445242/431739/100002263/553189/566998/393845/445060/555376/334161/393191/450077/560951/436959/402874/393350/795901/447895/393864/556522/402842/553283/445127/30083/403070/550282/317737/554103/553508/558499/338290/406615/100004977/100003595/555308/336526/751638/246095/560778/100149324/140744/449558/799942/100332468/492778/557181/791203/359840/550372/569040/378968/100150934"
"dre01200","Carbon metabolism",12,0.559706739397622,2.06734264907895,0.00124669548870481,0.0374008646611443,0.0360885536204024,638,"tags=83%, list=33%, signal=57%","321664/436852/386951/322482/557518/402874/553283/403070/317737/246095"
