"baseMean"	"log2FoldChange"	"lfcSE"	"stat"	"pvalue"	"padj"	"gene"
9.45154440232815	-15.640955683647	2.3627129356219	-6.61991367966588	3.59408680661814e-11	4.17496255569039e-07	"gene-g15400"
43.0051420549752	20.1311643987258	3.06427686087529	6.56962974062842	5.0440528641904e-11	4.17496255569039e-07	"gene-g3896"
95.0963717257359	14.0122877760325	2.20266779617359	6.36150753208189	1.99783110209591e-10	1.10240320213652e-06	"gene-g5101"
26.017764175208	-14.553828057758	3.04486843862457	-4.77978879912864	1.75479436306561e-06	0.00726221647154701	"gene-il12b2"
