"ID","Description","setSize","enrichmentScore","NES","pvalue","p.adjust","qvalue","rank","leading_edge","core_enrichment"
"dre04820","Cytoskeleton in muscle cells",33,0.536660507814046,3.54398261028555,1.9356169927958e-08,3.67767228631202e-07,2.6487390427732e-07,85,"tags=58%, list=11%, signal=53%","30324/768287/569755/325675/791132/641583/100001836/406493/406437/554168/795335/100149766/100003572/415209/336471/561901/337158/64698/567771"
"dre04510","Focal adhesion",19,0.55661019335978,2.87032640209013,1.32185151238529e-05,0.000125575893676603,9.04424719000465e-05,113,"tags=68%, list=15%, signal=60%","569755/325675/569510/562529/100001836/406493/336471/561901/337158/567771/403045/567928/560564"
"dre04512","ECM-receptor interaction",13,0.497721987943747,2.12860928448761,0.00284776204337462,0.0180358262747059,0.0129897917767965,112,"tags=62%, list=15%, signal=53%","569755/325675/100001836/336471/561901/337158/567771/567928"
