"ID","Description","setSize","enrichmentScore","NES","pvalue","p.adjust","qvalue","rank","leading_edge","core_enrichment"
"dre01100","Metabolic pathways",56,-0.330150978560838,-2.20325249151683,0.000571764635324896,0.00857646952987344,0.00782414764128805,249,"tags=77%, list=49%, signal=44%","352928/101886516/402842/447942/393982/559124/369193/559087/553532/368242/567859/556641/445151/569363/407706/554477/553239/378727/777635/30496/406367/492781/393714/431716/555443/100001225/334420/565743/560020/565706/796436/494099/561338/793249/30497/393542/393427/100148292/393776/406791/555271/406496/560649"
