"ID","Description","setSize","enrichmentScore","NES","pvalue","p.adjust","qvalue","rank","leading_edge","core_enrichment"
"dre04820","Cytoskeleton in muscle cells",29,-0.455762619289162,-2.37861039094427,0.000141149015533402,0.00296412932620144,0.00282298031066804,167,"tags=62%, list=26%, signal=48%","336471/795335/567097/569755/325675/554168/100126016/557062/768287/30240/394012/399646/30324/791132/554148/415209/406493/541446"
