"ID","Description","setSize","enrichmentScore","NES","pvalue","p.adjust","qvalue","rank","leading_edge","core_enrichment"
"dre04120","Ubiquitin mediated proteolysis",16,-0.731376627815862,-3.35443199691781,1.8148756150901e-08,1.19781790595947e-06,1.06982141521101e-06,389,"tags=88%, list=14%, signal=75%","436873/393223/368425/565498/692325/437020/558479/572370/406255/556864/393907/393933/324243/100331274"
"dre04144","Endocytosis",51,-0.368996571287215,-2.60865729971,1.26252159527883e-05,0.000416632126442015,0.000372111628082183,197,"tags=43%, list=7%, signal=41%","100333543/566120/336426/406704/555340/557199/767670/560446/560542/114447/563511/405821/337737/561653/568800/100149572/561771/568170/378838/798901/100331274/386994"
