"ID","Description","setSize","enrichmentScore","NES","pvalue","p.adjust","qvalue","rank","leading_edge","core_enrichment"
"dre04110","Cell cycle",17,-0.474708675677028,-2.1529966884606,0.00126095317809212,0.0063047658904606,0.00265463826966762,150,"tags=94%, list=43%, signal=56%","327060/767751/192295/406353/327226/791894/58025/368316/399483/445386/286747/566409/280649/192338/80973/192333"
"dre01100","Metabolic pathways",40,0.402371809591826,1.94199616025898,0.00426391461621103,0.0106597865405276,0.00448833117495898,91,"tags=50%, list=26%, signal=42%","415207/393096/552981/30496/30085/335159/555376/570443/393622/563724/378963/447864/450017/447836/246095/393781/140744/572733/100149324/555196"
"dre04814","Motor proteins",12,-0.417296703861505,-1.63961676966138,0.0280515189296999,0.0467525315494998,0.0196852764418947,132,"tags=92%, list=38%, signal=59%","494070/100535326/796782/562052/195818/30453/325449/449979/556023/767754/335340"
