"ID","Description","setSize","enrichmentScore","NES","pvalue","p.adjust","qvalue","rank","leading_edge","core_enrichment"
"dre01100","Metabolic pathways",55,-0.328945368666894,-2.11778061829504,0.00165165442820877,0.0181681987102964,0.0173858360864081,192,"tags=69%, list=46%, signal=43%","103910413/567861/431716/406791/369193/266799/559124/555443/558524/563972/554477/777635/447942/553532/393776/393714/325181/393982/402842/791728/791647/565743/567859/406496/30497/393421/563363/793249/494099/796436/387290/399692/569363/497280/560649/555271/100003999/100148292"
