"ID","Description","setSize","enrichmentScore","NES","pvalue","p.adjust","qvalue","rank","leading_edge","core_enrichment"
"dre05132","Salmonella infection",18,-0.577318544399991,-2.47935803015702,5.79005377522275e-05,0.00208441935908019,0.0018893859687569,223,"tags=72%, list=22%, signal=58%","325557/559276/415185/406493/386701/57933/799355/559154/327026/406276/335474/402901/556951"
"dre00230","Purine metabolism",14,0.531956735496559,2.47521154493682,0.000235744877614597,0.00424340779706275,0.00384636379265921,490,"tags=100%, list=48%, signal=53%","368410/556849/100005551/100003595/407989/791647/436919/560486/100332468/406404/324845/80939/565706/445151"
