"baseMean"	"log2FoldChange"	"lfcSE"	"stat"	"pvalue"	"padj"	"gene"
57.8875722849159	-6.72397084680145	1.16632802915649	-5.76507695837881	8.16205881459365e-09	0.00014372569366618	"gene-nr1d4a"
1646.74683131556	-1.94036190157403	0.404285310084655	-4.79948653382367	1.59072930714419e-06	0.0133588349453925	"gene-clasp1a_ChrAur2"
25.3537743789075	12.072607504057	2.55383793385979	4.72724104532777	2.27591032064158e-06	0.0133588349453925	"gene-LOC119026890"
