"ID","Description","setSize","enrichmentScore","NES","pvalue","p.adjust","qvalue","rank","leading_edge","core_enrichment"
"dre04120","Ubiquitin mediated proteolysis",22,-0.641526465686732,-2.8777024667508,3.41241562646884e-07,1.97920106335193e-05,1.76008805996814e-05,481,"tags=77%, list=21%, signal=61%","324015/436873/406606/692325/368425/393716/565498/406255/556864/323883/572370/393223/437020/393907/324243/100331274/393933"
"dre04144","Endocytosis",45,-0.468035627469483,-2.59815836378676,2.08059192332933e-06,6.03371657765506e-05,5.36573706542827e-05,411,"tags=49%, list=18%, signal=41%","336426/798846/560542/767670/100333543/555340/337737/563511/568170/568800/406766/561653/405821/393351/393880/100149572/791153/386994/378838/798901/100331274/560446"
"dre01100","Metabolic pathways",186,0.182648109098655,1.75163286235873,0.00107941147755158,0.0208686218993306,0.0185583025965009,587,"tags=38%, list=26%, signal=31%","393584/565370/567794/394083/321621/100537318/387530/558422/30617/550338/792824/100073330/322372/321664/405867/541416/322055/436852/564619/564111/566506/553762/571825/560951/664765/795901/334431/393860/492476/555748/550533/101884072/566998/321218/566872/492778/100150934/334161/563594/100002812/100037356/338290/393845/550282/664741/402874/565316/100332076/557008/100150288/30083/100330514/436610/556815/553283/100005551/565669/569040/550370/100330695/793362/572841/567414/100141367/558499/555376/565385/553189/406615/415146/557518"
