"ID","Description","setSize","enrichmentScore","NES","pvalue","p.adjust","qvalue","rank","leading_edge","core_enrichment"
"dre04110","Cell cycle",20,-0.533494097799334,-2.38333203448017,0.000301871124338997,0.00181122674603398,0.00158879539125788,61,"tags=60%, list=19%, signal=52%","317763/58025/327226/280649/192323/80973/286747/406353/566409/192338/192333/337598"
