"ID","Description","setSize","enrichmentScore","NES","pvalue","p.adjust","qvalue","rank","leading_edge","core_enrichment"
"dre04510","Focal adhesion",77,0.384545160016995,2.38463080532619,1.044551133573e-05,0.000741631304836826,0.000615735405053555,631,"tags=55%, list=29%, signal=40%","100333114/394101/445234/554268/556605/553337/553355/100005469/494453/386856/323561/325675/30121/321243/336471/566796/556752/554269/323818/569510/100334859/541320/100331874/100151255/406493/559529/415151/404211/563556/386787/30682/337158/558958/570643/567771/65236/554230/245701/569755/100149273/30234/378478"
"dre04512","ECM-receptor interaction",42,0.444863286775661,2.33751896665145,4.00851883717495e-05,0.00142302418719711,0.00118145818358841,604,"tags=60%, list=27%, signal=44%","554268/556605/553337/565429/553355/100005469/323561/325675/321243/336471/566796/556752/286829/554269/541320/100331874/100151255/563556/386787/337158/558958/570643/567771/569755/30234"
"dre04810","Regulation of actin cytoskeleton",56,0.367213131594134,2.08383926359062,0.000355983143778768,0.00842493440276417,0.00699475650933719,513,"tags=48%, list=23%, signal=38%","445234/335474/557983/100005469/386856/286739/556752/554168/556029/569510/100334859/541320/100331874/100151255/406493/559529/415151/404211/563556/352940/799355/386787/100001221/557797/558477/321099/556951"
"dre04820","Cytoskeleton in muscle cells",87,0.298145237441807,1.89040170978586,0.0019098357795208,0.0338995850864941,0.0281449483297802,659,"tags=47%, list=30%, signal=34%","100333114/554268/798465/565429/553355/100334431/100005469/494453/323561/325675/571786/336471/562690/556752/564821/30324/791132/286829/554269/554168/567097/556029/100334859/541320/790915/100331874/100151255/406493/563556/386787/324023/337158/494070/100330961/567771/64615/569755/569553/560091/554148/567639"
"dre05100","Bacterial invasion of epithelial cells",15,0.51492371563063,1.928516119603,0.00298515603817954,0.0423892157421495,0.0351934185553798,449,"tags=60%, list=20%, signal=48%","445234/335474/100005469/323818/100334859/100006857/404211/386787/100001221"
