"ID","Description","setSize","enrichmentScore","NES","pvalue","p.adjust","qvalue","rank","leading_edge","core_enrichment"
"GO:0043269","regulation of monoatomic ion transport",10,-0.694636307110185,-2.37785968159385,0.000104761539423371,0.0342570233914423,0.0285613039059506,94,"tags=90%, list=25%, signal=70%","g5832/nlgn1/g2905/prkg2/camk2a/g8930/gck/g4645/cnih2"
"GO:0007155","cell adhesion",10,-0.673043498454469,-2.30394377971938,0.000251550291637029,0.0343752711109807,0.0286598912529986,109,"tags=90%, list=29%, signal=66%","g8433/nectin3b/g9098/g5832/nlgn1/erf/cd99l2/wu:fi46h04/atp6v1b2"
"GO:0030054","cell junction",10,-0.667567567567568,-2.28519872544872,0.000318629271735718,0.0343752711109807,0.0286598912529986,134,"tags=100%, list=35%, signal=66%","g8433/nectin3b/g9098/atpv0e2/g15142/cd99l2/adra1ba/g4645/wu:fi46h04"
"GO:0006812","monoatomic cation transport",11,-0.642712889943695,-2.26207686123157,0.000432493603158213,0.0343752711109807,0.0286598912529986,92,"tags=82%, list=24%, signal=64%","hrh1/atpv0e2/g2905/camk2a/g8930/gck/g4645/slc4a3/atp6v1b2"
"GO:0071944","cell periphery",57,-0.360324970541287,-2.15293412096652,0.000525615766222947,0.0343752711109807,0.0286598912529986,98,"tags=47%, list=26%, signal=41%","g9098/mrasa/g5832/nlgn1/hrh1/ncanb/atpv0e2/g2905/trhrb/map4l/g7187/prkg2/g15142/camk2a/g8930/cd99l2/gck/adra1ba/g3490/g4645/tulp3/cnih2/g21276/pam/wu:fi46h04/slc4a3/atp6v1b2"
