"ID","Description","setSize","enrichmentScore","NES","pvalue","p.adjust","qvalue","rank","leading_edge","core_enrichment"
"dre04110","Cell cycle",23,-0.554050659088841,-2.34228039382198,5.00392897780608e-05,0.00060047147733673,0.000526729366084851,104,"tags=65%, list=23%, signal=53%","192295/445386/767751/317763/58025/327226/280649/192323/80973/286747/406353/566409/192338/192333/337598"
