"baseMean"	"log2FoldChange"	"lfcSE"	"stat"	"pvalue"	"padj"	"gene"
29.0084488200716	1.59843887599317	0.286322714914054	5.58264780519763	2.36884141399852e-08	0.000419924517459518	"gene-gal"
81.2535534260192	0.93434461515005	0.181216236741279	5.15596522669216	2.52327723159305e-07	0.0022365067742225	"gene-g1221"
