"baseMean"	"log2FoldChange"	"lfcSE"	"stat"	"pvalue"	"padj"	"gene"
575.017335871762	-2.58589737648217	0.491459664643763	-5.26166756402393	1.42754704783462e-07	0.00250591608776888	"gene-znf385b"
138.584015989396	-3.96470928442526	0.799801244821379	-4.95711817166614	7.15464638449586e-07	0.00627963313167202	"gene-g13802-2"
244.805722010103	-2.58877376121075	0.537838177945985	-4.81329490423556	1.48461956384556e-06	0.00868700394124835	"gene-si:ch211-186j3.6"
274.807518709235	-3.45088384705478	0.725838411866379	-4.754341724877	1.99094040971681e-06	0.00873724198804224	"gene-grm1b"
97.8692323117327	11.6572017348339	2.53363004703349	4.60098811524704	4.20491422395006e-06	0.0147626128574439	"gene-zbtb21_ChrAur2"
138.83523597781	28.4736952651923	6.33540151724983	4.49437895730287	6.97732775993691e-06	0.0204133352496554	"gene-g3896-2"
113.695096941384	-4.24721608140816	0.969074583507979	-4.38275459256556	1.1718809453172e-05	0.0293874258772829	"gene-LOC119030706"
