"baseMean"	"log2FoldChange"	"lfcSE"	"stat"	"pvalue"	"padj"	"gene"
18.6840087529917	-2.76822382060566	0.476559617159119	-5.80876709006038	6.29345678336379e-09	0.000109518734944097	"gene-g9647"
82.7599917606891	-0.51364672919763	0.0968634631354241	-5.30279129582126	1.14045279757642e-07	0.000992307979171246	"gene-ppfibp2a"
