"ID","Description","setSize","enrichmentScore","NES","pvalue","p.adjust","qvalue","rank","leading_edge","core_enrichment"
"dre04020","Calcium signaling pathway",11,0.656887863792257,2.33107879198468,0.000243664007491121,0.00170564805243784,0.000769465286814065,68,"tags=73%, list=18%, signal=62%","493613/110438919/797199/100149100/550436/557499/352938/100137117"
"dre04082","Neuroactive ligand signaling",10,0.644385026737968,2.213058627335,0.000571369279814593,0.00199979247935108,0.000902162020759884,143,"tags=100%, list=37%, signal=64%","493613/110438919/170450/100149100/561647/352938/266752/266751/100150701/58147"
"dre04080","Neuroactive ligand-receptor interaction",21,0.475968054737542,2.16889282892983,0.00147653566605617,0.0034452498874644,0.00155424806953281,152,"tags=86%, list=40%, signal=55%","110438919/170450/100149100/561647/352938/100137117/795311/569893/503868/100333578/353181/266752/30668/560955/266751/100150701/58147/402857"
