"ID","Description","setSize","enrichmentScore","NES","pvalue","p.adjust","qvalue","rank","leading_edge","core_enrichment"
"dre04110","Cell cycle",19,-0.54712179889034,-2.48638199377287,0.00019434635682051,0.00291519535230764,0.0024549013493117,188,"tags=89%, list=37%, signal=59%","192295/767751/791894/445386/327226/317763/327060/286747/58025/406353/280649/192323/337598/80973/192338/566409/192333"
