"ID","Description","setSize","enrichmentScore","NES","pvalue","p.adjust","qvalue","rank","leading_edge","core_enrichment"
"dre04144","Endocytosis",25,-0.432332084046309,-2.08047867503996,0.00176971565559253,0.0442428913898134,0.0409828888663534,146,"tags=44%, list=16%, signal=38%","30671/378838/100148736/386994/100331274/405821/798901/100149572/100333543/393880/560446"
