"ID","Description","setSize","enrichmentScore","NES","pvalue","p.adjust","qvalue","rank","leading_edge","core_enrichment"
"dre04110","Cell cycle",23,-0.461843502731727,-2.0397401637815,0.00209849187836991,0.0104924593918496,0.00662681645801024,91,"tags=52%, list=25%, signal=42%","192295/280649/57925/80973/327226/286747/406353/566409/192323/192338/337598/192333"
