"ID","Description","setSize","enrichmentScore","NES","pvalue","p.adjust","qvalue","rank","leading_edge","core_enrichment"
"dre04810","Regulation of actin cytoskeleton",36,-0.442299237473513,-2.2898998831512,0.00016530627250195,0.0059510258100702,0.00504619147637532,405,"tags=72%, list=36%, signal=47%","558477/386787/100005469/100331874/560400/368461/735292/100536533/415151/556029/378480/554168/286739/692065/799355/556951/386856/569510/101883214/557797/100151255/114447/321099/541320/406493/335474"
